<?xml version="1.0"?><!--
/**
 * Mageplaza
 *
 * NOTICE OF LICENSE
 *
 * This source file is subject to the Mageplaza.com license that is
 * available through the world-wide-web at this URL:
 * https://www.mageplaza.com/LICENSE.txt
 *
 * DISCLAIMER
 *
 * Do not edit or add to this file if you wish to upgrade this extension to newer
 * version in the future.
 *
 * @category    Mageplaza
 * @package     Mageplaza_LayeredNavigation
 * @copyright   Copyright (c) Mageplaza (https://www.mageplaza.com/)
 * @license     https://www.mageplaza.com/LICENSE.txt
 */
-->
<config xmlns:xsi="http://www.w3.org/2001/XMLSchema-instance" xsi:noNamespaceSchemaLocation="urn:magento:framework:ObjectManager/etc/config.xsd">
    <virtualType name="categoryFilterList" type="Magento\Catalog\Model\Layer\FilterList">
        <arguments>
            <argument name="filters" xsi:type="array">
                <item name="attribute" xsi:type="string">Mageplaza\LayeredNavigation\Model\Layer\Filter\Attribute</item>
                <item name="price" xsi:type="string">Mageplaza\LayeredNavigation\Model\Layer\Filter\Price</item>
                <item name="category" xsi:type="string">Mageplaza\LayeredNavigation\Model\Layer\Filter\Category</item>
            </argument>
        </arguments>
    </virtualType>
    <virtualType name="searchFilterList" type="Magento\Catalog\Model\Layer\FilterList">
        <arguments>
            <argument name="filters" xsi:type="array">
                <item name="attribute" xsi:type="string">Mageplaza\LayeredNavigation\Model\Layer\Filter\Attribute</item>
                <item name="price" xsi:type="string">Mageplaza\LayeredNavigation\Model\Layer\Filter\Price</item>
                <item name="category" xsi:type="string">Mageplaza\LayeredNavigation\Model\Layer\Filter\Category</item>
            </argument>
        </arguments>
    </virtualType>
    <virtualType name="Magento\CatalogSearch\Model\ResourceModel\Fulltext\CollectionFactory" type="Magento\Catalog\Model\ResourceModel\Product\CollectionFactory">
        <arguments>
            <argument name="instanceName" xsi:type="string">Mageplaza\LayeredNavigation\Model\ResourceModel\Fulltext\Collection</argument>
        </arguments>
    </virtualType>
    <virtualType name="Magento\CatalogSearch\Model\ResourceModel\Fulltext\SearchCollection" type="Mageplaza\LayeredNavigation\Model\ResourceModel\Fulltext\Collection">
        <arguments>
            <argument name="searchRequestName" xsi:type="string">quick_search_container</argument>
        </arguments>
    </virtualType>

    <virtualType name="Mageplaza\LayeredNavigation\Model\ResourceModel\Fulltext\SearchCollectionFactory" type="Mageplaza\LayeredNavigation\Model\ResourceModel\Fulltext\CollectionFactory">
        <arguments>
            <argument name="instanceName" xsi:type="string">Mageplaza\LayeredNavigation\Model\ResourceModel\Fulltext\SearchCollection</argument>
        </arguments>
    </virtualType>

    <virtualType name="mpElasticsearchCategoryCollection" type="Mageplaza\LayeredNavigation\Model\ResourceModel\Fulltext\Collection">
        <arguments>
            <argument name="searchRequestName" xsi:type="string">catalog_view_container</argument>
            <argument name="searchCriteriaResolverFactory" xsi:type="object">elasticsearchSearchCriteriaResolverFactory</argument>
            <argument name="searchResultApplierFactory" xsi:type="object">elasticsearchSearchResultApplier\Factory</argument>
            <argument name="totalRecordsResolverFactory" xsi:type="object">elasticsearchTotalRecordsResolver\Factory</argument>
            <argument name="defaultFilterStrategyApplyChecker" xsi:type="object">Magento\Elasticsearch\Model\ResourceModel\Fulltext\Collection\DefaultFilterStrategyApplyChecker</argument>
        </arguments>
    </virtualType>
    <virtualType name="mpElasticsearchCategoryCollectionFactory" type="Mageplaza\LayeredNavigation\Model\ResourceModel\Fulltext\SearchCollectionFactory">
        <arguments>
            <argument name="instanceName" xsi:type="string">mpElasticsearchCategoryCollection</argument>
        </arguments>
    </virtualType>
    <virtualType name="elasticsearchLayerCategoryItemCollectionProvider" type="Magento\Elasticsearch\Model\Layer\Category\ItemCollectionProvider">
        <arguments>
            <argument name="factories" xsi:type="array">
                <item name="elasticsearch7" xsi:type="object">mpElasticsearchCategoryCollectionFactory</item>
                <item name="elasticsearch8" xsi:type="object">mpElasticsearchCategoryCollectionFactory</item>
                <item name="opensearch" xsi:type="object">mpElasticsearchCategoryCollectionFactory</item>
            </argument>
        </arguments>
    </virtualType>

    <virtualType name="mpElasticsearchFulltextSearchCollection" type="Mageplaza\LayeredNavigation\Model\ResourceModel\Fulltext\Collection">
        <arguments>
            <argument name="searchRequestName" xsi:type="string">quick_search_container</argument>
            <argument name="searchCriteriaResolverFactory" xsi:type="object">elasticsearchSearchCriteriaResolverFactory</argument>
            <argument name="searchResultApplierFactory" xsi:type="object">elasticsearchSearchResultApplier\Factory</argument>
            <argument name="totalRecordsResolverFactory" xsi:type="object">elasticsearchTotalRecordsResolver\Factory</argument>
            <argument name="defaultFilterStrategyApplyChecker" xsi:type="object">Magento\Elasticsearch\Model\ResourceModel\Fulltext\Collection\DefaultFilterStrategyApplyChecker</argument>
        </arguments>
    </virtualType>
    <virtualType name="mpElasticsearchFulltextSearchCollectionFactory" type="Mageplaza\LayeredNavigation\Model\ResourceModel\Fulltext\SearchCollectionFactory">
        <arguments>
            <argument name="instanceName" xsi:type="string">mpElasticsearchFulltextSearchCollection</argument>
        </arguments>
    </virtualType>
    <virtualType name="elasticsearchLayerSearchItemCollectionProvider" type="Magento\Elasticsearch\Model\Layer\Search\ItemCollectionProvider">
        <arguments>
            <argument name="factories" xsi:type="array">
                <item name="elasticsearch7" xsi:type="object">mpElasticsearchFulltextSearchCollectionFactory</item>
                <item name="elasticsearch8" xsi:type="object">mpElasticsearchFulltextSearchCollectionFactory</item>
                <item name="opensearch" xsi:type="object">mpElasticsearchFulltextSearchCollectionFactory</item>
            </argument>
        </arguments>
    </virtualType>

    <type name="Magento\Framework\App\PageCache\Identifier">
        <plugin name="mplayerPagecacheIdentifier" type="Mageplaza\LayeredNavigation\Plugin\PageCache\Identifier" />
    </type>
    <type name="Magento\Framework\App\PageCache\Kernel">
        <plugin name="mplayerProcessRequest" type="Mageplaza\LayeredNavigation\Plugin\PageCache\ProcessRequest" />
    </type>

    <preference for="Magento\Elasticsearch\Model\ResourceModel\Fulltext\Collection\SearchResultApplier"
                type="Mageplaza\LayeredNavigation\Model\ResourceModel\Fulltext\Collection\SearchResultApplier"/>
    <preference for="Mageplaza\LayeredNavigation\Model\StockStatusApplierInterface" type="Mageplaza\LayeredNavigation\Model\StockStatusApplier" />
</config>
