<?xml version="1.0"?>
<!--
/**
 * BSS Commerce Co.
 *
 * NOTICE OF LICENSE
 *
 * This source file is subject to the EULA
 * that is bundled with this package in the file LICENSE.txt.
 * It is also available through the world-wide-web at this URL:
 * http://bsscommerce.com/Bss-Commerce-License.txt
 *
 * @category   BSS
 * @package    Bss_OrderImportExport
 * @author     Extension Team
 * @copyright  Copyright (c) 2020 BSS Commerce Co. ( http://bsscommerce.com )
 * @license    http://bsscommerce.com/Bss-Commerce-License.txt
 */
-->
<config xmlns:xsi="http://www.w3.org/2001/XMLSchema-instance" xsi:noNamespaceSchemaLocation="urn:magento:framework:ObjectManager/etc/config.xsd">
    <type name="Magento\ImportExport\Model\Import\SampleFileProvider">
        <arguments>
            <argument name="samples" xsi:type="array">
                <item name="bss_order" xsi:type="string">Bss_OrderImportExport</item>
                <item name="bss_order_ee" xsi:type="string">Bss_OrderImportExport</item>
            </argument>
        </arguments>
    </type>

    <type name="Bss\OrderImportExport\Model\ResourceModel\GridPool">
        <arguments>
            <argument name="grids" xsi:type="array">
                <item name="order_grid" xsi:type="object">Bss\OrderImportExport\Model\ResourceModel\Order\Grid</item>
                <item name="invoice_grid" xsi:type="object">Bss\OrderImportExport\Model\ResourceModel\Order\Invoice\Grid</item>
                <item name="shipment_grid" xsi:type="object">BssShipmentGridAggregator</item>
                <item name="creditmemo_grid" xsi:type="object">BssCreditmemoGridAggregator</item>
            </argument>
        </arguments>
    </type>

    <virtualType name="Bss\OrderImportExport\Model\ResourceModel\Order\Grid" type="Bss\OrderImportExport\Model\ResourceModel\Grid">
        <arguments>
            <argument name="mainTableName" xsi:type="string">sales_order</argument>
            <argument name="gridTableName" xsi:type="string">sales_order_grid</argument>
            <argument name="orderIdField" xsi:type="string">sales_order.entity_id</argument>
            <argument name="joins" xsi:type="array">
                <item name="sales_shipping_address" xsi:type="array">
                    <item name="table" xsi:type="string">sales_order_address</item>
                    <item name="origin_column" xsi:type="string">shipping_address_id</item>
                    <item name="target_column" xsi:type="string">entity_id</item>
                </item>
                <item name="sales_billing_address" xsi:type="array">
                    <item name="table" xsi:type="string">sales_order_address</item>
                    <item name="origin_column" xsi:type="string">billing_address_id</item>
                    <item name="target_column" xsi:type="string">entity_id</item>
                </item>
                <item name="sales_order_payment" xsi:type="array">
                    <item name="table" xsi:type="string">sales_order_payment</item>
                    <item name="origin_column" xsi:type="string">entity_id</item>
                    <item name="target_column" xsi:type="string">parent_id</item>
                </item>
            </argument>
            <argument name="columns" xsi:type="array">
                <item name="entity_id" xsi:type="string">sales_order.entity_id</item>
                <item name="status" xsi:type="string">sales_order.status</item>
                <item name="store_id" xsi:type="string">sales_order.store_id</item>
                <item name="store_name" xsi:type="string">sales_order.store_name</item>
                <item name="customer_id" xsi:type="string">sales_order.customer_id</item>
                <item name="base_grand_total" xsi:type="string">sales_order.base_grand_total</item>
                <item name="base_total_paid" xsi:type="string">sales_order.base_total_paid</item>
                <item name="grand_total" xsi:type="string">sales_order.grand_total</item>
                <item name="total_paid" xsi:type="string">sales_order.total_paid</item>
                <item name="increment_id" xsi:type="string">sales_order.increment_id</item>
                <item name="base_currency_code" xsi:type="string">sales_order.base_currency_code</item>
                <item name="order_currency_code" xsi:type="string">sales_order.order_currency_code</item>
                <item name="shipping_name" xsi:type="object">ShippingNameAggregator</item>
                <item name="billing_name" xsi:type="object">BillingNameAggregator</item>
                <item name="created_at" xsi:type="string">sales_order.created_at</item>
                <item name="updated_at" xsi:type="string">sales_order.updated_at</item>
                <item name="billing_address" xsi:type="object">BillingAddressAggregator</item>
                <item name="shipping_address" xsi:type="object">ShippingAddressAggregator</item>
                <item name="shipping_information" xsi:type="string">sales_order.shipping_description</item>
                <item name="customer_email" xsi:type="string">sales_order.customer_email</item>
                <item name="customer_group" xsi:type="string">sales_order.customer_group_id</item>
                <item name="subtotal" xsi:type="string">sales_order.base_subtotal</item>
                <item name="shipping_and_handling" xsi:type="string">sales_order.base_shipping_amount</item>
                <item name="customer_name" xsi:type="object">CustomerNameAggregator</item>
                <item name="payment_method" xsi:type="string">sales_order_payment.method</item>
                <item name="total_refunded" xsi:type="string">sales_order.total_refunded</item>
                <item name="refunded_to_store_credit" xsi:type="string">sales_order.customer_bal_total_refunded</item>
            </argument>
            <argument name="notSyncedDataProvider" xsi:type="object">Magento\Sales\Model\ResourceModel\Provider\NotSyncedOrderDataProvider</argument>
        </arguments>
    </virtualType>
    <virtualType name="BssShipmentGridAggregator" type="Bss\OrderImportExport\Model\ResourceModel\Grid">
        <arguments>
            <argument name="mainTableName" xsi:type="string">sales_shipment</argument>
            <argument name="gridTableName" xsi:type="string">sales_shipment_grid</argument>
            <argument name="orderIdField" xsi:type="string">sales_shipment.order_id</argument>
            <argument name="joins" xsi:type="array">
                <item name="sales_order" xsi:type="array">
                    <item name="table" xsi:type="string">sales_order</item>
                    <item name="origin_column" xsi:type="string">order_id</item>
                    <item name="target_column" xsi:type="string">entity_id</item>
                </item>
                <item name="sales_shipping_address" xsi:type="array">
                    <item name="table" xsi:type="string">sales_order_address</item>
                    <item name="origin_column" xsi:type="string">shipping_address_id</item>
                    <item name="target_column" xsi:type="string">entity_id</item>
                </item>
                <item name="sales_billing_address" xsi:type="array">
                    <item name="table" xsi:type="string">sales_order_address</item>
                    <item name="origin_column" xsi:type="string">billing_address_id</item>
                    <item name="target_column" xsi:type="string">entity_id</item>
                </item>
                <item name="sales_order_payment" xsi:type="array">
                    <item name="table" xsi:type="string">sales_order_payment</item>
                    <item name="origin_column" xsi:type="string">order_id</item>
                    <item name="target_column" xsi:type="string">parent_id</item>
                </item>
            </argument>
            <argument name="columns" xsi:type="array">
                <item name="entity_id" xsi:type="string">sales_shipment.entity_id</item>
                <item name="increment_id" xsi:type="string">sales_shipment.increment_id</item>
                <item name="store_id" xsi:type="string">sales_shipment.store_id</item>
                <item name="order_increment_id" xsi:type="string">sales_order.increment_id</item>
                <item name="order_created_at" xsi:type="string">sales_order.created_at</item>
                <item name="customer_name" xsi:type="object">CustomerNameAggregator</item>
                <item name="total_qty" xsi:type="string">sales_shipment.total_qty</item>
                <item name="shipment_status" xsi:type="string">sales_shipment.shipment_status</item>
                <item name="order_status" xsi:type="string">sales_order.status</item>
                <item name="billing_address" xsi:type="object">BillingAddressAggregator</item>
                <item name="shipping_address" xsi:type="object">ShippingAddressAggregator</item>
                <item name="billing_name" xsi:type="object">BillingNameAggregator</item>
                <item name="shipping_name" xsi:type="object">ShippingNameAggregator</item>
                <item name="customer_email" xsi:type="string">sales_order.customer_email</item>
                <item name="customer_group_id" xsi:type="string">sales_order.customer_group_id</item>
                <item name="payment_method" xsi:type="string">sales_order_payment.method</item>
                <item name="created_at" xsi:type="string">sales_shipment.created_at</item>
                <item name="updated_at" xsi:type="string">sales_shipment.updated_at</item>
                <item name="order_id" xsi:type="string">sales_shipment.order_id</item>
                <item name="shipping_information" xsi:type="string">sales_order.shipping_description</item>
            </argument>
        </arguments>
    </virtualType>
    <virtualType name="BssCreditmemoGridAggregator" type="Bss\OrderImportExport\Model\ResourceModel\Grid">
        <arguments>
            <argument name="mainTableName" xsi:type="string">sales_creditmemo</argument>
            <argument name="gridTableName" xsi:type="string">sales_creditmemo_grid</argument>
            <argument name="orderIdField" xsi:type="string">sales_creditmemo.order_id</argument>
            <argument name="joins" xsi:type="array">
                <item name="sales_shipping_address" xsi:type="array">
                    <item name="table" xsi:type="string">sales_order_address</item>
                    <item name="origin_column" xsi:type="string">shipping_address_id</item>
                    <item name="target_column" xsi:type="string">entity_id</item>
                </item>
                <item name="sales_billing_address" xsi:type="array">
                    <item name="table" xsi:type="string">sales_order_address</item>
                    <item name="origin_column" xsi:type="string">billing_address_id</item>
                    <item name="target_column" xsi:type="string">entity_id</item>
                </item>
                <item name="sales_order" xsi:type="array">
                    <item name="table" xsi:type="string">sales_order</item>
                    <item name="origin_column" xsi:type="string">order_id</item>
                    <item name="target_column" xsi:type="string">entity_id</item>
                </item>
                <item name="sales_order_payment" xsi:type="array">
                    <item name="table" xsi:type="string">sales_order_payment</item>
                    <item name="origin_column" xsi:type="string">order_id</item>
                    <item name="target_column" xsi:type="string">parent_id</item>
                </item>
            </argument>
            <argument name="columns" xsi:type="array">
                <item name="entity_id" xsi:type="string">sales_creditmemo.entity_id</item>
                <item name="increment_id" xsi:type="string">sales_creditmemo.increment_id</item>
                <item name="created_at" xsi:type="string">sales_creditmemo.created_at</item>
                <item name="updated_at" xsi:type="string">sales_creditmemo.updated_at</item>
                <item name="order_id" xsi:type="string">sales_order.entity_id</item>
                <item name="order_increment_id" xsi:type="string">sales_order.increment_id</item>
                <item name="order_created_at" xsi:type="string">sales_order.created_at</item>
                <item name="billing_name" xsi:type="object">BillingNameAggregator</item>
                <item name="state" xsi:type="string">sales_creditmemo.state</item>
                <item name="base_grand_total" xsi:type="string">sales_creditmemo.base_grand_total</item>
                <item name="order_status" xsi:type="string">sales_order.status</item>
                <item name="store_id" xsi:type="string">sales_creditmemo.store_id</item>
                <item name="billing_address" xsi:type="object">BillingAddressAggregator</item>
                <item name="shipping_address" xsi:type="object">ShippingAddressAggregator</item>
                <item name="customer_name" xsi:type="object">CustomerNameAggregator</item>
                <item name="customer_email" xsi:type="string">sales_order.customer_email</item>
                <item name="customer_group_id" xsi:type="string">sales_order.customer_group_id</item>
                <item name="payment_method" xsi:type="string">sales_order_payment.method</item>
                <item name="shipping_information" xsi:type="string">sales_order.shipping_description</item>
                <item name="subtotal" xsi:type="string">sales_creditmemo.subtotal</item>
                <item name="shipping_and_handling" xsi:type="string">sales_creditmemo.shipping_amount</item>
                <item name="adjustment_positive" xsi:type="string">sales_creditmemo.adjustment_positive</item>
                <item name="adjustment_negative" xsi:type="string">sales_creditmemo.adjustment_negative</item>
                <item name="order_base_grand_total" xsi:type="string">sales_order.base_grand_total</item>
            </argument>
        </arguments>
    </virtualType>
    <virtualType name="Bss\OrderImportExport\Model\ResourceModel\Order\Invoice\Grid" type="Bss\OrderImportExport\Model\ResourceModel\Grid">
        <arguments>
            <argument name="mainTableName" xsi:type="string">sales_invoice</argument>
            <argument name="gridTableName" xsi:type="string">sales_invoice_grid</argument>
            <argument name="orderIdField" xsi:type="string">sales_invoice.order_id</argument>
            <argument name="joins" xsi:type="array">
                <item name="sales_order" xsi:type="array">
                    <item name="table" xsi:type="string">sales_order</item>
                    <item name="origin_column" xsi:type="string">order_id</item>
                    <item name="target_column" xsi:type="string">entity_id</item>
                </item>
                <item name="sales_shipping_address" xsi:type="array">
                    <item name="table" xsi:type="string">sales_order_address</item>
                    <item name="origin_column" xsi:type="string">shipping_address_id</item>
                    <item name="target_column" xsi:type="string">entity_id</item>
                </item>
                <item name="sales_billing_address" xsi:type="array">
                    <item name="table" xsi:type="string">sales_order_address</item>
                    <item name="origin_column" xsi:type="string">billing_address_id</item>
                    <item name="target_column" xsi:type="string">entity_id</item>
                </item>
                <item name="sales_order_payment" xsi:type="array">
                    <item name="table" xsi:type="string">sales_order_payment</item>
                    <item name="origin_column" xsi:type="string">order_id</item>
                    <item name="target_column" xsi:type="string">parent_id</item>
                </item>
            </argument>
            <argument name="columns" xsi:type="array">
                <item name="entity_id" xsi:type="string">sales_invoice.entity_id</item>
                <item name="increment_id" xsi:type="string">sales_invoice.increment_id</item>
                <item name="state" xsi:type="string">sales_invoice.state</item>
                <item name="store_id" xsi:type="string">sales_invoice.store_id</item>
                <item name="store_name" xsi:type="string">sales_order.store_name</item>
                <item name="order_id" xsi:type="string">sales_invoice.order_id</item>
                <item name="order_increment_id" xsi:type="string">sales_order.increment_id</item>
                <item name="order_created_at" xsi:type="string">sales_order.created_at</item>
                <item name="customer_name" xsi:type="object">CustomerNameAggregator</item>
                <item name="customer_email" xsi:type="string">sales_order.customer_email</item>
                <item name="customer_group_id" xsi:type="string">sales_order.customer_group_id</item>
                <item name="payment_method" xsi:type="string">sales_order_payment.method</item>
                <item name="store_currency_code" xsi:type="string">sales_invoice.store_currency_code</item>
                <item name="order_currency_code" xsi:type="string">sales_invoice.order_currency_code</item>
                <item name="base_currency_code" xsi:type="string">sales_invoice.base_currency_code</item>
                <item name="global_currency_code" xsi:type="string">sales_invoice.global_currency_code</item>
                <item name="billing_name" xsi:type="object">BillingNameAggregator</item>
                <item name="billing_address" xsi:type="object">BillingAddressAggregator</item>
                <item name="shipping_address" xsi:type="object">ShippingAddressAggregator</item>
                <item name="shipping_information" xsi:type="string">sales_order.shipping_description</item>
                <item name="subtotal" xsi:type="string">sales_invoice.base_subtotal</item>
                <item name="shipping_and_handling" xsi:type="string">sales_invoice.base_shipping_amount</item>
                <item name="base_grand_total" xsi:type="string">sales_invoice.base_grand_total</item>
                <item name="grand_total" xsi:type="string">sales_invoice.grand_total</item>
                <item name="created_at" xsi:type="string">sales_invoice.created_at</item>
                <item name="updated_at" xsi:type="string">sales_invoice.updated_at</item>
            </argument>
        </arguments>
    </virtualType>
</config>
