<?xml version="1.0"?>
<!--
/**
 * Webkul Software.
 *
 * @category   Webkul
 * @package    Webkul_PhonePe
 * @author     Webkul Software Private Limited
 * @copyright  Webkul Software Private Limited (https://webkul.com)
 * @license    https://store.webkul.com/license.html
 */
-->

<config xmlns:xsi="http://www.w3.org/2001/XMLSchema-instance" xsi:noNamespaceSchemaLocation="urn:magento:framework:ObjectManager/etc/config.xsd">
    <type name="Magento\Checkout\Model\CompositeConfigProvider">
        <arguments>
            <argument name="configProviders" xsi:type="array">
                <item name="webkul_phonepe_configprovider" xsi:type="object">Webkul\PhonePe\Model\ConfigProvider</item>
            </argument>
        </arguments>
    </type>
</config>

